<?xml version="1.0" encoding="UTF-8"?>

<woss>
	<gather class="com.briup.woss.client.GatherImpl">
		<data-file>src/com/briup/file/radwtmp</data-file>
	</gather>
	
	<client class="com.briup.woss.client.ClientImpl">
		<server-ip>127.0.0.1</server-ip>
		<server-port>9999</server-port>
	</client>
	
	<server class="com.briup.woss.server.ServerImpl">
		<port>9999</port>
	</server>
	
	<dbstore class="com.briup.woss.server.DBStoreImpl">
		<driver>oracle.jdbc.driver.OracleDriver</driver>
		<url>jdbc:oracle:thin:@localhost:1521:XE</url>
		<username>briup</username>
		<password>briup</password>
	</dbstore>
	
	<logger class="com.briup.util.LoggerImpl">
		<log-pro>src/com/briup/file/log4j.properties</log-pro>
	</logger>
	
	<backup class="com.briup.util.BackUPImpl">
		<back-path>src/com/briup/file</back-path>
	</backup>
</woss>